COUNTY,FIPS,DMG,DMGCPI,County_low,POP2010,PNW2010,MICPI2010,MGRCP2010,AGPER,FORPER,URBPER,WATPER,ELEV,TMP2010,PCP2010,DMGPOP2010
BAXTER,5,50000000.0,73187471.43303904,Baxter,41513.0,3.0881892419242165,51256.85015472845,842.1405757601568,15.09020510208974,67.0270363635813,8.347731758508996,6.189073907064214,233.80383525972672,288.4229892384974,0.0886381512054113,1204.4419820297255
BENTON,1,30000000.0,43912482.85982343,Benton,221339.0,17.404072486095988,72602.59452630384,1029.2829259290804,35.191352770360425,41.95948101042695,16.23790701820207,4.292456115293406,379.1474870813488,288.02610026076195,0.0882666214870156,135.53869855741644
BOONE,3,50000000.0,73187471.43303904,Boone,36903.0,3.465842885402271,53230.48217074071,765.8440791528263,39.17021890771692,47.67418970049193,6.870655678327846,2.022707335336277,362.20460615310384,287.8861193024209,0.0864312152366143,1354.9033953879089
CALHOUN,67,0.0,0.0,Calhoun,5368.0,25.46572280178837,46713.609715242885,754.3276268347387,2.3577703919055155,47.65715877477261,5.180118299524236,0.6524387417480343,55.8995515393185,291.36828302080903,0.1069052747220473,0.0
CARROLL,2,17000000.0,24883740.287233274,Carroll,27446.0,10.39495737083728,49283.21813871618,800.3934361070892,36.957747967043325,52.1664108383694,6.224720276597877,1.4914932951800342,413.07988549351353,287.80993497660234,0.0825763675534488,619.3980907964731
CLARK,53,0.0,0.0,Clark,22995.0,28.16699282452707,46019.743463078106,814.7890015046987,10.562445727162457,58.245286448668864,4.599315989387099,2.075083545474888,94.82964388852491,290.7959139689611,0.1062991675815458,0.0
CLAY,9,750000.0,1097812.0714955856,Clay,16083.0,2.493315923646086,41842.15038469183,652.1191125117111,72.96352602414782,10.313954772140416,4.704429231680667,0.7997996634267254,93.36716767069248,288.7984380415612,0.0959380205125215,46.63309084126096
CLEBURNE,24,25000000.0,36593735.71651952,Cleburne,25970.0,3.234501347708895,51468.46496607331,875.2503761746586,20.38179079467055,60.09868206644096,6.452259791881759,6.576592597519819,225.12571826126336,288.85458552080377,0.0983760880335622,962.6492106276473
CLEVELAND,63,0.0,0.0,Cleveland,8689.0,14.236390838991827,53201.69103994549,829.1845669023082,3.733388396075509,50.22552130515415,4.119185647210304,0.3270060984167363,66.55232281926976,291.06455442798745,0.1079968271189574,0.0
CONWAY,31,10000000.0,14637494.286607808,Conway,21273.0,15.775866121374513,47073.498850183125,716.899156800954,35.976553768039004,44.35564207266554,6.283427833049901,2.3900829779612205,151.37644201400897,289.34852103636734,0.1034346278130834,470.07944342593896
CRAIGHEAD,26,1300000.0,1902874.257259015,Craighead,96443.0,18.78829982476696,56478.12172444142,863.7339238565711,75.33049887445736,6.124241267137123,10.131999902889753,0.9416328874595532,78.85471806732419,289.3739649630982,0.0965223410858745,13.479464554192631
CRAWFORD,19,425000.0,622093.5071808319,Crawford,61948.0,10.902692580874282,57865.85422877098,853.6570280782444,26.57501807801839,59.99042928037892,7.936066228215231,2.1925706640038705,286.4438579897431,288.74338593567103,0.0979272470546253,6.860592755214051
CRITTENDEN,36,0.0,0.0,Crittenden,50902.0,53.938941495422576,48536.08829458025,927.074411606053,76.64973299856564,0.1078468590960336,7.010841804030142,4.020529194109771,64.756385217487,289.99168110381964,0.0986009296854547,0.0
CROSS,35,24000.0,35129.98628785874,Cross,17870.0,24.482372691662004,53293.82265849019,791.7560968685235,76.65713536633417,9.553099783122716,4.247641565559949,1.3075132726478198,72.71891950699057,289.93455200666017,0.0982181545547822,1.3430330162283157
DALLAS,62,0.0,0.0,Dallas,8116.0,44.84967964514539,42613.7526900037,616.1301990176873,1.9398589520649985,63.50035874825684,4.872572267791891,0.1623578514266294,85.64992389833291,290.9630331784163,0.1085625485100763,0.0
FAULKNER,32,10000000.0,14637494.286607808,Faulkner,113237.0,15.734256470941476,65193.19701615422,952.98642932175,40.6862473012936,38.53676252620854,11.133860724646777,2.47280423247681,123.9004801566008,289.62154708570944,0.1017535102808374,88.31035792188065
FRANKLIN,20,0.0,0.0,Franklin,18125.0,4.987586206896552,46157.94089089516,770.1627487721092,35.114160915795544,53.92576717924344,4.999785048511756,1.8555011565387347,257.1527402161944,288.7699002522581,0.0968108453594014,0.0
FULTON,6,50000000.0,73187471.43303904,Fulton,12245.0,3.168640261331156,44047.5510036056,659.3168952105159,34.446059764540216,54.39580258884642,5.123837214102714,0.5548770618879545,228.11566651566943,288.16678776635064,0.0928731050669056,4083.299305839118
GARLAND,42,0.0,0.0,Garland,96024.0,13.600766475047903,53039.0211509525,952.98642932175,6.925240922707722,67.28242938324942,11.61590500286228,7.671830946625252,213.58195085026765,289.9195403464512,0.1011658812498984,0.0
GRANT,55,0.0,0.0,Grant,17853.0,5.113986444855207,74265.28232972774,941.4699770036624,5.142072135420174,49.32498172031993,5.762619128128346,0.2845834701579637,82.39188040461583,290.6798420517488,0.102896739808218,0.0
GREENE,18,6600000.0,9660746.229161153,Greene,42090.0,3.592302209550962,55004.01582772621,817.6681145842206,66.50162241247587,18.95760427457889,6.828560221334184,1.709956235129777,94.32004885957004,289.07523632742954,0.0966823717243112,156.80684248039915
HEMPSTEAD,60,0.0,0.0,Hempstead,22609.0,40.5944535362024,51403.684921784064,785.9978707094797,25.797459153028136,45.68062748411676,5.267641154992487,1.8078590774943024,105.84318109918816,291.05669934010075,0.1052715143694441,0.0
HOT SPRING,54,0.0,0.0,Hot Spring,32923.0,14.409379461166964,53479.52545211936,775.920974931153,13.124852918176982,64.26789083924682,6.928091840184749,1.2569180116401402,134.97925752764226,290.38727246683953,0.1037486230435682,0.0
INDEPENDENCE,16,50000000.0,73187471.43303904,Independence,36647.0,8.074330777416979,49844.64518922295,803.2725491866111,40.20905752484873,47.20072363853314,5.741393029877028,1.239052518786573,139.1030066060727,289.11503794781896,0.0954838984393025,1364.3681611045924
IZARD,15,50000000.0,73187471.43303904,Izard,13696.0,4.220210280373832,45595.07428384863,679.4706867671692,25.586624633303927,62.57666791671591,5.473721537101556,0.6857420835660434,203.36785701962123,288.5664294862609,0.0914399913799385,3650.700934579439
JACKSON,25,35000000.0,51231230.00312733,Jackson,17997.0,20.19225426459965,39753.353845498685,693.8662521647788,76.12788750574798,6.468696935707446,4.834756375258306,1.436952163949363,77.44474496057813,289.5931784173019,0.0949516409962589,1944.7685725398678
JEFFERSON,56,0.0,0.0,Jefferson,77435.0,58.02027506941305,51821.156318314745,895.404167731312,49.04916985740264,19.6350049685408,8.510771904691682,3.557661702798727,68.17990028779487,290.7977522586765,0.1031414057952537,0.0
JOHNSON,21,25000000.0,36593735.71651952,Johnson,25540.0,12.764291307752544,44038.91366436704,774.481418391392,20.53126316291377,66.402423512706,5.566449731432593,2.766479640664476,313.7360021683773,288.2217072606581,0.1029062875079696,978.8566953797964
LAWRENCE,17,222000.0,324952.37316269334,Lawrence,17415.0,2.65862761986793,43601.2884762797,662.1960082900379,64.06426970342315,22.48277997583433,5.0441109640989765,1.0811994147883068,94.96637852462224,289.04217343203,0.0950549351801174,12.747631352282514
LOGAN,30,10000000.0,14637494.286607808,Logan,22353.0,6.750771708495504,54056.7876245635,732.7342787383244,29.41642133912154,56.67803379129997,4.910870250319841,2.6636233619807035,210.53516824394265,289.522911326894,0.0963912557824521,447.3672437704111
LONOKE,45,0.0,0.0,Lonoke,68356.0,10.244894376499502,73067.57128864664,958.744655480794,64.69983520391457,8.608157344575519,7.060833973148144,3.691123424307664,70.56748329200785,290.3884563583532,0.1017764842997606,0.0
MADISON,11,16000000.0,23419990.85857249,Madison,15717.0,6.400712604186549,52546.69281435426,719.7782698804759,25.376093811757748,67.0268231699489,4.670277394212183,0.0651024181079397,508.27779487936414,287.576689911063,0.090255047563811,1018.0059807851371
MARION,4,50000000.0,73187471.43303904,Marion,16653.0,3.0444964871194378,49101.83401470631,755.7671833744997,19.073204706101336,64.71712614998417,5.204809045669457,7.316880251294236,267.41215897253863,288.31223264177845,0.0856749673558171,3002.4620188554613
MILLER,70,0.0,0.0,Miller,43462.0,28.36500851318393,58024.20544814468,893.9646111915511,37.99702628893896,28.828093966315212,7.587246087409122,2.264992827927487,80.38960820078962,291.5817365047962,0.0982100144194668,0.0
MISSISSIPPI,28,0.0,0.0,Mississippi,46480.0,38.35413080895009,48091.26532379411,797.5143230275672,83.38400458871683,0.0224293176884115,6.550970139233487,2.370981877483412,71.88526311596867,289.4762698861926,0.0979405770440048,0.0
MONROE,47,0.0,0.0,Monroe,8149.0,43.74769910418456,43134.87215739716,688.1080260057349,54.50981624429668,1.3645331496615918,3.4450205388605517,2.574432681015236,55.73362383103737,290.56161294747045,0.1010051265522067,0.0
MONTGOMERY,41,0.0,0.0,Montgomery,9487.0,5.576051438811005,51399.36625216479,755.7671833744997,10.130610577099256,79.77411026889546,4.364638680529635,2.3462012727979857,279.67347929178663,289.6149603128943,0.1016237534103109,0.0
NEWTON,12,50000.0,73187.47143303904,Newton,8330.0,3.949579831932773,39502.87100758028,547.0314851091616,8.739837382016663,84.92160888007554,4.307160136070123,0.0845152593545577,485.9691569539817,287.41640252570375,0.096108403543057,6.002400960384153
OUACHITA,66,0.0,0.0,Ouachita,26120.0,43.02067381316999,44999.09787638759,673.7124606081254,2.3650784820440607,50.40439564451048,6.115692638436288,1.2565501358592568,59.77636381720568,291.38106760170086,0.1061993782685624,0.0
PERRY,39,10000000.0,14637494.286607808,Perry,10445.0,4.844423168980374,62815.04961246913,955.865542401272,14.199088595531222,67.63565856968819,4.744699375596106,1.8531208713206688,184.3929560289525,289.85460826156395,0.0984658438519475,957.3958831977022
PIKE,52,0.0,0.0,Pike,11291.0,9.9902577273935,47226.091843397786,729.8551656588025,11.1458133474343,63.45515932471098,5.602829601344996,1.9493686195842248,180.87570265824448,290.23179633360786,0.1089848975366396,0.0
POINSETT,27,164000.0,240054.90630036805,Poinsett,24583.0,10.145222308099092,46450.17086846663,670.8333475286036,78.72073415569439,3.754342059359671,4.971482577966193,1.5098032785153772,71.85870450784725,289.6770209359636,0.0969490905949871,6.671276898669812
POLK,40,5000000.0,7318747.143303904,Polk,20662.0,7.346820249733811,46821.57645572496,737.0529483576073,13.372832936031958,71.47432497040091,5.081434760734644,0.3748260134103677,365.4171650835913,289.30116372343264,0.1021804855157738,241.99012680282644
POPE,22,25000000.0,36593735.71651952,Pope,61754.0,10.494866729280696,57353.37210061608,849.3383584589616,21.38892456463427,64.24876771071715,6.599094829498806,2.3799225903902577,259.43972009317366,288.7002115690777,0.1025378036395848,404.8320756550183
PRAIRIE,46,0.0,0.0,Prairie,8715.0,13.608720596672404,50882.5654543906,656.437782130994,60.71300165350932,8.194106499853358,3.99172953466203,5.109288015245988,63.143290751692135,290.4045859502052,0.0996167689946401,0.0
PULASKI,44,0.0,0.0,Pulaski,382748.0,42.50760291366643,64954.2306305539,1049.436717485734,21.22219231820546,36.47907711553157,24.03772157168423,5.343441226822175,103.88436837857664,290.2015311890128,0.1007276577667958,0.0
RANDOLPH,8,1000000.0,1463749.428660781,Randolph,17969.0,3.506038176860148,43506.27774465548,701.0640348635835,42.001352691891206,45.12346641265745,4.583655572206496,1.0203206758311114,122.37424812360854,288.6148841498683,0.0949554085093514,55.65139963270076
SALINE,43,0.0,0.0,Saline,107118.0,9.46619615750854,74140.04091076854,1029.2829259290804,7.946087215297092,62.448438384463365,12.26653306323106,1.189335660128322,163.6655523363076,290.05427571096146,0.1018361370618276,0.0
SCOTT,37,10000000.0,14637494.286607808,Scott,11233.0,12.044867800231462,52424.33050847458,744.2507310564121,12.379556078437492,79.48769419813517,3.933491153990693,0.4193048227964877,292.7198581117243,289.4813101260377,0.0930108401915393,890.2341315766047
SEARCY,13,50000000.0,73187471.43303904,Searcy,8195.0,4.002440512507627,41475.06346705278,662.1960082900379,22.10832867758257,69.7547926734144,4.3676624737872105,0.1798340066198067,358.3948006756002,288.1292684804052,0.0915548375628395,6101.281269066504
SEBASTIAN,29,0.0,0.0,Sebastian,125744.0,23.38083725664843,56836.5713028419,830.6241234420692,26.175810982595596,45.816545496504816,14.1703502481752,2.140175352882038,196.31161010762764,289.80825515369963,0.0874142570815984,0.0
SHARP,7,50000000.0,73187471.43303904,Sharp,17264.0,3.9504170528266913,44820.592865457234,785.9978707094797,22.242216807003157,67.87826680133087,5.445086307707304,0.460554106103726,172.4378640933109,288.5912975807082,0.0951982276046364,2896.2001853568117
STONE,14,50000000.0,73187471.43303904,Stone,12394.0,3.219299661126352,43733.72767793771,695.3058087045397,14.542250964189082,75.79831943813373,4.427295230416368,0.5105234845398463,281.1264462949249,288.4551132118309,0.0940137986908191,4034.2101016620945
VAN BUREN,23,25000000.0,36593735.71651952,Van Buren,17295.0,4.030066493206129,46008.22701076002,737.0529483576073,15.44556767820911,73.00550620956616,5.355910711607321,1.7330903334119716,307.80823675406185,288.3502281935482,0.102709688388997,1445.5044810638913
WASHINGTON,10,45000000.0,65868724.28973514,Washington,203065.0,20.097998177923326,60897.56030150754,957.305098941033,33.745254010796295,51.59034693226416,11.853757076277605,0.739184358618274,431.7763087972248,288.0455224296476,0.0909496109601855,221.60391992711692
WHITE,33,15000000.0,21956241.429911718,White,77076.0,8.62914525922466,56398.946114754566,823.4263407432644,47.05194964402366,29.03549039135762,7.193623106344953,1.4813577908862297,104.8361164364008,289.6941248869099,0.1030786338586445,194.6131091390316
WOODRUFF,34,10000000.0,14637494.286607808,Woodruff,7260.0,30.096418732782368,39135.78408994123,506.72390199585504,72.50078683249846,0.8199152093321137,3.3789983512709574,1.600903568314702,61.68771942685591,290.09367409352217,0.0975884675969354,1377.4104683195592
YELL,38,10000000.0,14637494.286607808,Yell,22185.0,13.337840883479828,52696.4066944894,774.481418391392,20.47886817545295,63.72832264943183,4.034279318107454,1.9330773451828325,194.51680662925864,289.6101221932252,0.097251645313027,450.755014649538
